gubun,mem_id,cor_id,cit_id,cde_id,cde_price,cor_datetime
akbonara,1222836,abnr20161107105,4188,5625,1000,2016-11-07 00:00:00
akbonara,1184810,abnr20161107108,6279,8296,500,2016-11-07 00:00:00
akbonara,1198515,abnr20161107109,5645,7578,500,2016-11-07 00:00:00
akbonara,1205022,abnr20161107112,6212,8206,500,2016-11-07 00:00:00
akbonara,1207523,abnr20161107119,5632,7565,500,2016-11-07 00:00:00
akbonara,1207523,abnr20161107120,3752,5049,1000,2016-11-07 00:00:00
akbonara,1207523,abnr20161107121,6284,8305,500,2016-11-07 00:00:00
akbonara,1228679,abnr20161107125,6278,8295,500,2016-11-07 00:00:00
akbonara,1188509,abnr20161107127,6283,8303,500,2016-11-07 00:00:00
akbonara,1233795,abnr2016110713,186,227,1000,2016-11-07 00:00:00
akbonara,1178768,abnr20161107131,136,157,500,2016-11-07 00:00:00
akbonara,1235038,abnr20161107135,1556,2044,1000,2016-11-07 00:00:00
akbonara,1183469,abnr20161107138,4114,5519,500,2016-11-07 00:00:00
akbonara,1212348,abnr20161107139,1438,1878,1000,2016-11-07 00:00:00
akbonara,1227071,abnr20161107140,4515,6150,500,2016-11-07 00:00:00
akbonara,1171842,abnr20161107141,6284,8305,500,2016-11-07 00:00:00
akbonara,1195729,abnr2016110715,7665,11332,1500,2016-11-07 00:00:00
akbonara,1234987,abnr2016110717,6232,8235,500,2016-11-07 00:00:00
akbonara,1210483,abnr2016110723,5549,7444,500,2016-11-07 00:00:00
akbonara,1209120,abnr2016110725,4574,6227,500,2016-11-07 00:00:00
akbonara,1170104,abnr2016110727,4823,6532,500,2016-11-07 00:00:00
akbonara,1181183,abnr2016110748,4492,6109,500,2016-11-07 00:00:00
akbonara,1198375,abnr2016110749,7295,9445,1000,2016-11-07 00:00:00
akbonara,1203750,abnr2016110756,1709,2245,1000,2016-11-07 00:00:00
akbonara,1234865,abnr2016110768,4728,6422,500,2016-11-07 00:00:00
akbonara,1234865,abnr2016110777,4581,6234,500,2016-11-07 00:00:00
akbonara,1234865,abnr2016110778,2577,3305,1000,2016-11-07 00:00:00
akbonara,1169648,abnr20161108100,6235,5060,1000,2016-11-08 00:00:00
akbonara,1215557,abnr20161108106,4840,6562,1000,2016-11-08 00:00:00
akbonara,1170755,abnr20161108107,3753,5050,1000,2016-11-08 00:00:00
akbonara,1233810,abnr20161108108,1832,2407,900,2016-11-08 00:00:00
akbonara,1220737,abnr20161108111,6120,8065,500,2016-11-08 00:00:00
akbonara,1234932,abnr20161108121,689,866,1000,2016-11-08 00:00:00
akbonara,1120692,abnr20161108122,3068,3944,1000,2016-11-08 00:00:00
akbonara,1235096,abnr20161108125,897,1148,1000,2016-11-08 00:00:00
akbonara,1225324,abnr20161108126,4183,5613,1000,2016-11-08 00:00:00
akbonara,1231982,abnr20161108128,7328,9478,1000,2016-11-08 00:00:00
akbonara,1235096,abnr20161108129,6263,8279,500,2016-11-08 00:00:00
akbonara,1234840,abnr20161108141,6256,8266,500,2016-11-08 00:00:00
akbonara,1234840,abnr20161108142,2697,951,1000,2016-11-08 00:00:00
akbonara,1234840,abnr20161108143,5625,7558,500,2016-11-08 00:00:00
akbonara,1234840,abnr20161108145,6201,8193,500,2016-11-08 00:00:00
akbonara,1160910,abnr20161108148,6256,9341,1000,2016-11-08 00:00:00
akbonara,1234424,abnr20161108149,8386,12053,2000,2016-11-08 00:00:00
akbonara,1234424,abnr20161108150,8553,12220,3000,2016-11-08 00:00:00
akbonara,1234424,abnr20161108151,8624,12291,3000,2016-11-08 00:00:00
akbonara,1234424,abnr20161108152,8554,12221,3000,2016-11-08 00:00:00
akbonara,1234424,abnr20161108153,4734,6428,500,2016-11-08 00:00:00
akbonara,1031371,abnr20161108155,6775,8925,1000,2016-11-08 00:00:00
akbonara,1155273,abnr20161108157,3710,4978,1000,2016-11-08 00:00:00
akbonara,1234973,abnr20161108162,3455,4486,1000,2016-11-08 00:00:00
akbonara,1203664,abnr2016110819,3850,5199,500,2016-11-08 00:00:00
akbonara,1221694,abnr2016110829,6886,9036,1000,2016-11-08 00:00:00
akbonara,1234821,abnr2016110842,1859,2444,1000,2016-11-08 00:00:00
akbonara,1234995,abnr2016110845,16014,9265,1000,2016-11-08 00:00:00
akbonara,1234995,abnr2016110846,5392,7240,500,2016-11-08 00:00:00
akbonara,1234397,abnr2016110849,8863,12530,3000,2016-11-08 00:00:00
akbonara,1164833,abnr2016110854,6923,9073,1000,2016-11-08 00:00:00
akbonara,1234987,abnr2016110856,3638,4841,1000,2016-11-08 00:00:00
akbonara,1173069,abnr2016110858,3103,8941,1000,2016-11-08 00:00:00
akbonara,1219988,abnr2016110860,4514,6149,1000,2016-11-08 00:00:00
akbonara,1219988,abnr2016110861,6284,8305,500,2016-11-08 00:00:00
akbonara,1229493,abnr2016110863,2573,6347,500,2016-11-08 00:00:00
akbonara,1235054,abnr201611087,7609,11276,1500,2016-11-08 00:00:00
akbonara,1206992,abnr2016110883,1336,1727,1000,2016-11-08 00:00:00
akbonara,1233398,abnr2016110885,16838,8552,500,2016-11-08 00:00:00
akbonara,1204457,abnr2016110886,6287,8308,500,2016-11-08 00:00:00
akbonara,1165693,abnr2016110888,5598,7521,500,2016-11-08 00:00:00
akbonara,1209723,abnr2016110892,1923,2526,1000,2016-11-08 00:00:00
akbonara,1235146,abnr20161109100,3779,5090,500,2016-11-09 00:00:00
akbonara,1235146,abnr20161109101,6258,8270,500,2016-11-09 00:00:00
akbonara,1235146,abnr20161109102,7332,9337,1000,2016-11-09 00:00:00
akbonara,1235146,abnr20161109103,4483,6098,500,2016-11-09 00:00:00
akbonara,1235149,abnr20161109106,6260,8274,1000,2016-11-09 00:00:00
akbonara,1235113,abnr2016110911,4497,6116,500,2016-11-09 00:00:00
akbonara,1162505,abnr20161109112,453,547,1000,2016-11-09 00:00:00
akbonara,1235153,abnr20161109115,1600,2101,1000,2016-11-09 00:00:00
akbonara,1156902,abnr20161109116,1719,2259,1000,2016-11-09 00:00:00
akbonara,1226647,abnr20161109117,5779,7719,500,2016-11-09 00:00:00
akbonara,1226647,abnr20161109118,4517,6151,500,2016-11-09 00:00:00
akbonara,1226647,abnr20161109119,4644,6316,500,2016-11-09 00:00:00
akbonara,1159720,abnr20161109122,3303,4244,1000,2016-11-09 00:00:00
akbonara,1200006,abnr20161109129,1329,1719,1000,2016-11-09 00:00:00
akbonara,1234430,abnr20161109131,1883,550,500,2016-11-09 00:00:00
akbonara,1234430,abnr20161109132,1883,3010,1000,2016-11-09 00:00:00
akbonara,1219079,abnr20161109138,16074,5097,1000,2016-11-09 00:00:00
akbonara,1234745,abnr20161109139,7505,9655,1000,2016-11-09 00:00:00
akbonara,1191732,abnr20161109140,7333,8294,500,2016-11-09 00:00:00
akbonara,1195265,abnr20161109143,119,139,1000,2016-11-09 00:00:00
akbonara,1207472,abnr20161109145,6284,8305,500,2016-11-09 00:00:00
akbonara,1234212,abnr20161109147,190,232,1000,2016-11-09 00:00:00
akbonara,1234212,abnr20161109148,188,229,500,2016-11-09 00:00:00
akbonara,1235008,abnr20161109152,6950,8878,700,2016-11-09 00:00:00
akbonara,1217845,abnr20161109154,3787,5106,1000,2016-11-09 00:00:00
akbonara,1174681,abnr20161109155,5604,7528,500,2016-11-09 00:00:00
akbonara,1235008,abnr20161109156,6725,8875,700,2016-11-09 00:00:00
akbonara,1224179,abnr20161109161,357,432,1000,2016-11-09 00:00:00
akbonara,1224179,abnr20161109162,3166,4059,1000,2016-11-09 00:00:00
akbonara,1234932,abnr20161109164,6261,8275,500,2016-11-09 00:00:00
akbonara,1234054,abnr20161109165,6206,8200,500,2016-11-09 00:00:00
akbonara,1234054,abnr20161109167,6184,8173,500,2016-11-09 00:00:00
akbonara,1234262,abnr2016110917,420,503,500,2016-11-09 00:00:00
akbonara,1234054,abnr20161109171,6165,8147,1000,2016-11-09 00:00:00
akbonara,1234262,abnr2016110918,2901,3715,500,2016-11-09 00:00:00
akbonara,1165516,abnr20161109181,3641,4848,1000,2016-11-09 00:00:00
akbonara,1235184,abnr20161109184,4514,6149,1000,2016-11-09 00:00:00
akbonara,1235184,abnr20161109185,6769,8919,1000,2016-11-09 00:00:00
akbonara,1194439,abnr20161109186,4259,5739,900,2016-11-09 00:00:00
akbonara,1192289,abnr20161109187,4135,5543,900,2016-11-09 00:00:00
akbonara,1222311,abnr20161109188,6285,8306,500,2016-11-09 00:00:00
akbonara,1235189,abnr20161109192,5290,7107,5000,2016-11-09 00:00:00
akbonara,1235054,abnr20161109193,6256,9341,1000,2016-11-09 00:00:00
akbonara,1235192,abnr20161109197,4887,6640,500,2016-11-09 00:00:00
akbonara,1234778,abnr20161109198,5670,7603,500,2016-11-09 00:00:00
akbonara,1235196,abnr20161109201,161,191,500,2016-11-09 00:00:00
akbonara,1165829,abnr201611093,6104,8049,500,2016-11-09 00:00:00
akbonara,1165829,abnr201611094,6173,8161,500,2016-11-09 00:00:00
akbonara,1218960,abnr2016110949,14127,8107,500,2016-11-09 00:00:00
akbonara,1222814,abnr2016110951,6261,8276,900,2016-11-09 00:00:00
akbonara,1229806,abnr2016110954,2098,2726,1000,2016-11-09 00:00:00
akbonara,1217293,abnr2016110955,6519,8669,700,2016-11-09 00:00:00
akbonara,1186781,abnr2016110958,7324,9474,1000,2016-11-09 00:00:00
akbonara,1234241,abnr2016110961,5560,7467,900,2016-11-09 00:00:00
akbonara,1186781,abnr2016110963,4500,6123,1000,2016-11-09 00:00:00
akbonara,1186781,abnr2016110964,6685,8835,700,2016-11-09 00:00:00
akbonara,1186781,abnr2016110965,6261,8276,900,2016-11-09 00:00:00
akbonara,1138240,abnr201611097,4241,5714,500,2016-11-09 00:00:00
akbonara,1225859,abnr2016110974,197,242,500,2016-11-09 00:00:00
akbonara,1234875,abnr2016110976,4504,6133,1000,2016-11-09 00:00:00
akbonara,1138240,abnr201611098,7231,9381,1000,2016-11-09 00:00:00
akbonara,1185178,abnr2016110982,6260,8274,1000,2016-11-09 00:00:00
akbonara,1232420,abnr2016110983,6238,8242,500,2016-11-09 00:00:00
akbonara,1235142,abnr2016110986,4939,6738,1000,2016-11-09 00:00:00
akbonara,1235142,abnr2016110987,4938,6735,500,2016-11-09 00:00:00
akbonara,1235142,abnr2016110988,4938,6736,1000,2016-11-09 00:00:00
akbonara,1200330,abnr201611099,6242,8246,500,2016-11-09 00:00:00
akbonara,1235146,abnr2016110991,4429,5992,500,2016-11-09 00:00:00
akbonara,1235045,abnr2016110994,6193,8185,500,2016-11-09 00:00:00
akbonara,1235045,abnr2016110995,3809,5145,1000,2016-11-09 00:00:00
akbonara,1235045,abnr2016110996,3783,5098,1000,2016-11-09 00:00:00
akbonara,1235196,abnr201611101,6243,8247,500,2016-11-10 00:00:00
akbonara,1208915,abnr20161110100,196,241,1000,2016-11-10 00:00:00
akbonara,1208915,abnr20161110102,4135,5543,900,2016-11-10 00:00:00
akbonara,1129603,abnr20161110105,3779,5090,500,2016-11-10 00:00:00
akbonara,1129603,abnr20161110107,3779,5091,900,2016-11-10 00:00:00
akbonara,1155974,abnr20161110108,774,979,1000,2016-11-10 00:00:00
akbonara,1159626,abnr20161110109,1330,1721,1000,2016-11-10 00:00:00
akbonara,1218548,abnr20161110114,1723,2263,1000,2016-11-10 00:00:00
akbonara,1104403,abnr20161110120,7091,5301,500,2016-11-10 00:00:00
akbonara,1234973,abnr20161110121,6284,8305,500,2016-11-10 00:00:00
akbonara,1229775,abnr20161110122,6930,9080,1000,2016-11-10 00:00:00
akbonara,1203015,abnr20161110125,6581,8731,700,2016-11-10 00:00:00
akbonara,1225634,abnr20161110142,5873,7816,500,2016-11-10 00:00:00
akbonara,1200489,abnr20161110144,2955,3792,1000,2016-11-10 00:00:00
akbonara,1173520,abnr20161110146,4497,6116,500,2016-11-10 00:00:00
akbonara,1200489,abnr20161110149,6766,8916,1000,2016-11-10 00:00:00
akbonara,1210413,abnr20161110154,7660,11327,1500,2016-11-10 00:00:00
akbonara,1226539,abnr20161110158,6136,8092,500,2016-11-10 00:00:00
akbonara,1230015,abnr20161110163,3228,4143,1000,2016-11-10 00:00:00
akbonara,1230015,abnr20161110164,16291,1191,500,2016-11-10 00:00:00
akbonara,1230015,abnr20161110167,3773,5080,1000,2016-11-10 00:00:00
akbonara,1153726,abnr20161110172,5324,7145,500,2016-11-10 00:00:00
akbonara,1220345,abnr20161110173,4620,6287,500,2016-11-10 00:00:00
akbonara,1234840,abnr20161110176,4887,6640,500,2016-11-10 00:00:00
akbonara,1193443,abnr20161110177,1294,1671,1000,2016-11-10 00:00:00
akbonara,1193443,abnr20161110179,4511,6144,500,2016-11-10 00:00:00
akbonara,1193443,abnr20161110181,6562,8712,700,2016-11-10 00:00:00
akbonara,1193443,abnr20161110182,1381,1798,1000,2016-11-10 00:00:00
akbonara,1193443,abnr20161110183,3790,5112,1000,2016-11-10 00:00:00
akbonara,1193443,abnr20161110185,3889,5253,500,2016-11-10 00:00:00
akbonara,1235095,abnr2016111023,3488,4552,1000,2016-11-10 00:00:00
akbonara,1157345,abnr2016111028,7328,9478,1000,2016-11-10 00:00:00
akbonara,1231956,abnr2016111030,1545,2026,1000,2016-11-10 00:00:00
akbonara,1235220,abnr2016111032,4220,5672,500,2016-11-10 00:00:00
akbonara,1146370,abnr2016111033,6429,8532,1000,2016-11-10 00:00:00
akbonara,1146370,abnr2016111038,4951,6761,1000,2016-11-10 00:00:00
akbonara,1235220,abnr2016111043,4515,5119,1000,2016-11-10 00:00:00
akbonara,1232459,abnr2016111046,2791,3572,1000,2016-11-10 00:00:00
akbonara,1061384,abnr2016111054,932,1195,1000,2016-11-10 00:00:00
akbonara,1061384,abnr2016111055,4661,6337,500,2016-11-10 00:00:00
akbonara,1061384,abnr2016111056,463,564,1000,2016-11-10 00:00:00
akbonara,1231454,abnr201611106,6232,8236,1000,2016-11-10 00:00:00
akbonara,1036212,abnr2016111062,4514,6148,500,2016-11-10 00:00:00
akbonara,1235225,abnr2016111067,7032,9182,1000,2016-11-10 00:00:00
akbonara,1235225,abnr2016111068,4504,6133,1000,2016-11-10 00:00:00
akbonara,1235225,abnr2016111069,6284,8305,500,2016-11-10 00:00:00
akbonara,1230539,abnr201611107,2768,3544,1000,2016-11-10 00:00:00
akbonara,1235225,abnr2016111070,5385,7230,500,2016-11-10 00:00:00
akbonara,1235225,abnr2016111072,6232,8236,1000,2016-11-10 00:00:00
akbonara,1036212,abnr2016111075,4515,5119,1000,2016-11-10 00:00:00
akbonara,1130529,abnr2016111076,5623,7556,500,2016-11-10 00:00:00
akbonara,1083496,abnr2016111085,4220,5672,500,2016-11-10 00:00:00
akbonara,1113079,abnr2016111088,4610,6271,500,2016-11-10 00:00:00
akbonara,1182294,abnr2016111094,6287,8308,500,2016-11-10 00:00:00
akbonara,1182294,abnr2016111095,4518,6154,500,2016-11-10 00:00:00
akbonara,1182294,abnr2016111097,6217,8213,500,2016-11-10 00:00:00
akbonara,1234745,abnr20161111102,1247,1592,1000,2016-11-11 00:00:00
akbonara,1087933,abnr20161111122,4623,6290,500,2016-11-11 00:00:00
akbonara,1210357,abnr20161111123,4501,6124,500,2016-11-11 00:00:00
akbonara,1210357,abnr20161111124,5779,7719,500,2016-11-11 00:00:00
akbonara,1123347,abnr2016111114,3339,4316,1000,2016-11-11 00:00:00
akbonara,1123347,abnr2016111115,3339,4041,1000,2016-11-11 00:00:00
akbonara,1233744,abnr2016111117,673,839,500,2016-11-11 00:00:00
akbonara,1186412,abnr2016111118,6556,8706,700,2016-11-11 00:00:00
akbonara,1229680,abnr2016111119,6483,8633,500,2016-11-11 00:00:00
akbonara,1166299,abnr201611112,7231,9381,1000,2016-11-11 00:00:00
akbonara,1029334,abnr2016111121,3067,3943,1000,2016-11-11 00:00:00
akbonara,1233921,abnr2016111122,4462,6059,1000,2016-11-11 00:00:00
akbonara,1235275,abnr2016111127,3779,5091,900,2016-11-11 00:00:00
akbonara,1166299,abnr201611113,4137,5546,500,2016-11-11 00:00:00
akbonara,1226177,abnr2016111136,3061,3935,1000,2016-11-11 00:00:00
akbonara,1104403,abnr2016111139,15983,365,1000,2016-11-11 00:00:00
akbonara,1234542,abnr2016111152,2253,2914,1000,2016-11-11 00:00:00
akbonara,1203222,abnr2016111156,6284,8305,500,2016-11-11 00:00:00
akbonara,1203222,abnr2016111157,6275,8291,500,2016-11-11 00:00:00
akbonara,1231099,abnr201611116,1332,1723,1000,2016-11-11 00:00:00
akbonara,1226621,abnr2016111160,7239,9389,1000,2016-11-11 00:00:00
akbonara,1230477,abnr2016111164,4912,6682,500,2016-11-11 00:00:00
akbonara,1234542,abnr2016111167,6923,9073,1000,2016-11-11 00:00:00
akbonara,1234821,abnr2016111168,3206,4114,1000,2016-11-11 00:00:00
akbonara,1190489,abnr2016111172,6243,8247,500,2016-11-11 00:00:00
akbonara,1232135,abnr2016111177,5560,7466,500,2016-11-11 00:00:00
akbonara,1232135,abnr2016111179,6120,8065,500,2016-11-11 00:00:00
akbonara,1233989,abnr2016111185,4508,6141,1000,2016-11-11 00:00:00
akbonara,1230266,abnr2016111190,5613,7544,500,2016-11-11 00:00:00
akbonara,1234517,abnr2016111191,6291,8312,500,2016-11-11 00:00:00
akbonara,1230745,abnr2016111194,4591,6247,500,2016-11-11 00:00:00
akbonara,1235326,abnr2016111212,3599,9620,900,2016-11-12 00:00:00
akbonara,1117841,abnr2016111213,4834,6549,1000,2016-11-12 00:00:00
akbonara,1128663,abnr2016111214,4679,6360,500,2016-11-12 00:00:00
akbonara,1235330,abnr2016111216,4504,6132,700,2016-11-12 00:00:00
akbonara,1222289,abnr2016111218,7239,9389,1000,2016-11-12 00:00:00
akbonara,1235333,abnr2016111220,7244,9394,1000,2016-11-12 00:00:00
akbonara,1171613,abnr2016111222,3716,4989,1000,2016-11-12 00:00:00
akbonara,1171613,abnr2016111224,1294,1671,1000,2016-11-12 00:00:00
akbonara,1235333,abnr2016111226,463,564,1000,2016-11-12 00:00:00
akbonara,1221463,abnr2016111228,6150,8118,1000,2016-11-12 00:00:00
akbonara,1231385,abnr201611123,5724,7663,500,2016-11-12 00:00:00
akbonara,1197227,abnr2016111232,1299,1681,1000,2016-11-12 00:00:00
akbonara,1167602,abnr2016111236,4508,6141,1000,2016-11-12 00:00:00
akbonara,1231385,abnr201611124,6220,8216,500,2016-11-12 00:00:00
akbonara,1221903,abnr2016111242,6287,8308,500,2016-11-12 00:00:00
akbonara,1221903,abnr2016111243,6766,8916,1000,2016-11-12 00:00:00
akbonara,1234454,abnr2016111244,7060,9210,1000,2016-11-12 00:00:00
akbonara,1232102,abnr2016111247,4501,6124,500,2016-11-12 00:00:00
akbonara,1229493,abnr2016111248,4511,6144,500,2016-11-12 00:00:00
akbonara,1225634,abnr201611126,3567,4707,1000,2016-11-12 00:00:00
akbonara,1232519,abnr2016111260,3792,5114,1000,2016-11-12 00:00:00
akbonara,1133959,abnr2016111261,6284,8305,500,2016-11-12 00:00:00
akbonara,1064994,abnr2016111268,3599,4772,1000,2016-11-12 00:00:00
akbonara,1235361,abnr2016111269,16023,8652,700,2016-11-12 00:00:00
akbonara,1230280,abnr201611127,3618,4808,1000,2016-11-12 00:00:00
akbonara,1235361,abnr2016111270,7425,9575,1000,2016-11-12 00:00:00
akbonara,1214505,abnr2016111274,6256,8266,500,2016-11-12 00:00:00
akbonara,1234245,abnr201611128,2582,3311,1000,2016-11-12 00:00:00
akbonara,1235369,abnr2016111282,4514,6149,1000,2016-11-12 00:00:00
akbonara,1222735,abnr2016111283,5317,7136,500,2016-11-12 00:00:00
akbonara,1234409,abnr2016111287,1500,1965,1000,2016-11-12 00:00:00
akbonara,1234409,abnr2016111289,1540,2020,1000,2016-11-12 00:00:00
akbonara,1200725,abnr201611129,2657,3400,1000,2016-11-12 00:00:00
akbonara,1232674,abnr20161113101,6256,8267,1000,2016-11-13 00:00:00
akbonara,1208613,abnr20161113103,5541,7428,500,2016-11-13 00:00:00
akbonara,1232694,abnr20161113104,1508,4013,1000,2016-11-13 00:00:00
akbonara,1234704,abnr20161113105,1267,1627,1000,2016-11-13 00:00:00
akbonara,1235440,abnr20161113116,3471,4519,1000,2016-11-13 00:00:00
akbonara,1235440,abnr20161113117,3450,4476,900,2016-11-13 00:00:00
akbonara,1235440,abnr20161113118,4948,6755,1000,2016-11-13 00:00:00
akbonara,1235440,abnr20161113119,3328,4303,1000,2016-11-13 00:00:00
akbonara,1235440,abnr20161113120,3449,4474,1000,2016-11-13 00:00:00
akbonara,1235440,abnr20161113121,3445,4464,900,2016-11-13 00:00:00
akbonara,1235440,abnr20161113122,7426,9576,1000,2016-11-13 00:00:00
akbonara,1235440,abnr20161113123,7425,9575,1000,2016-11-13 00:00:00
akbonara,1235440,abnr20161113124,7424,9574,1000,2016-11-13 00:00:00
akbonara,1235449,abnr20161113126,3899,5266,500,2016-11-13 00:00:00
akbonara,1171769,abnr20161113127,3592,4757,1000,2016-11-13 00:00:00
akbonara,1234034,abnr2016111316,4502,6127,700,2016-11-13 00:00:00
akbonara,1234034,abnr2016111317,6743,8893,700,2016-11-13 00:00:00
akbonara,1235369,abnr2016111318,5503,7376,1000,2016-11-13 00:00:00
akbonara,1235376,abnr201611132,4949,6756,500,2016-11-13 00:00:00
akbonara,1235389,abnr2016111323,6284,8305,500,2016-11-13 00:00:00
akbonara,1234058,abnr2016111324,4504,6132,700,2016-11-13 00:00:00
akbonara,1234058,abnr2016111325,6752,8902,700,2016-11-13 00:00:00
akbonara,1235390,abnr2016111327,4060,5457,500,2016-11-13 00:00:00
akbonara,1235376,abnr201611133,2785,3566,1000,2016-11-13 00:00:00
akbonara,1235362,abnr2016111337,6291,8312,500,2016-11-13 00:00:00
akbonara,1235362,abnr2016111338,6228,8230,500,2016-11-13 00:00:00
akbonara,1235362,abnr2016111339,6227,8229,500,2016-11-13 00:00:00
akbonara,1235376,abnr201611134,2908,3725,1000,2016-11-13 00:00:00
akbonara,1235362,abnr2016111340,7439,9589,1000,2016-11-13 00:00:00
akbonara,1235362,abnr2016111341,6076,8021,500,2016-11-13 00:00:00
akbonara,1235362,abnr2016111342,7475,9625,1000,2016-11-13 00:00:00
akbonara,1235362,abnr2016111343,6217,8213,500,2016-11-13 00:00:00
akbonara,1235362,abnr2016111344,7332,9337,1000,2016-11-13 00:00:00
akbonara,1235362,abnr2016111345,16913,5711,500,2016-11-13 00:00:00
akbonara,1235398,abnr2016111354,6235,8239,500,2016-11-13 00:00:00
akbonara,1235398,abnr2016111355,15560,9367,1000,2016-11-13 00:00:00
akbonara,1235403,abnr2016111357,7231,9381,1000,2016-11-13 00:00:00
akbonara,1193613,abnr2016111360,5523,7400,500,2016-11-13 00:00:00
akbonara,1231099,abnr2016111362,3502,4580,1000,2016-11-13 00:00:00
akbonara,1234462,abnr2016111366,1260,1612,1000,2016-11-13 00:00:00
akbonara,1235413,abnr2016111369,6724,8874,700,2016-11-13 00:00:00
akbonara,1235414,abnr2016111372,6885,9035,1000,2016-11-13 00:00:00
akbonara,1224073,abnr2016111373,4145,5558,500,2016-11-13 00:00:00
akbonara,1171613,abnr2016111374,3566,4705,1000,2016-11-13 00:00:00
akbonara,1171613,abnr2016111375,6235,8239,500,2016-11-13 00:00:00
akbonara,1198514,abnr2016111377,4497,6116,500,2016-11-13 00:00:00
akbonara,1198514,abnr2016111378,4504,6131,500,2016-11-13 00:00:00
akbonara,1232692,abnr2016111380,6562,8712,700,2016-11-13 00:00:00
akbonara,1235397,abnr2016111382,3685,4934,1000,2016-11-13 00:00:00
akbonara,1223454,abnr2016111388,6754,8904,700,2016-11-13 00:00:00
akbonara,1188509,abnr2016111389,7332,9337,1000,2016-11-13 00:00:00
akbonara,1230021,abnr2016111394,6389,8451,1000,2016-11-13 00:00:00
akbonara,1187880,abnr2016111396,6139,8097,1000,2016-11-13 00:00:00
akbonara,1235426,abnr2016111397,6561,8711,700,2016-11-13 00:00:00
akbonara,1136743,abnr2016111399,1120,1428,1000,2016-11-13 00:00:00
akbonara,1235449,abnr201611141,4887,6641,1000,2016-11-14 00:00:00
akbonara,1235483,abnr20161114100,3860,5218,500,2016-11-14 00:00:00
akbonara,1203222,abnr20161114101,6235,8239,500,2016-11-14 00:00:00
akbonara,1016219,abnr20161114103,6429,8532,1000,2016-11-14 00:00:00
akbonara,1016219,abnr20161114104,3528,4632,1000,2016-11-14 00:00:00
akbonara,1177049,abnr20161114105,6630,8780,700,2016-11-14 00:00:00
akbonara,1235156,abnr20161114108,6235,8239,500,2016-11-14 00:00:00
akbonara,1016219,abnr20161114109,7281,9431,1000,2016-11-14 00:00:00
akbonara,1203463,abnr20161114116,6165,8147,1000,2016-11-14 00:00:00
akbonara,1224696,abnr20161114119,6279,8296,500,2016-11-14 00:00:00
akbonara,1235493,abnr20161114122,8387,12054,2000,2016-11-14 00:00:00
akbonara,1231014,abnr20161114123,6077,8022,500,2016-11-14 00:00:00
akbonara,1161312,abnr20161114124,4837,6555,1000,2016-11-14 00:00:00
akbonara,1231014,abnr20161114125,4490,6107,500,2016-11-14 00:00:00
akbonara,1220737,abnr20161114127,16018,3420,1000,2016-11-14 00:00:00
akbonara,1222124,abnr20161114129,7236,9386,1000,2016-11-14 00:00:00
akbonara,1235365,abnr2016111413,5571,7488,500,2016-11-14 00:00:00
akbonara,1230193,abnr20161114130,3009,3863,1000,2016-11-14 00:00:00
akbonara,1234307,abnr20161114139,1120,1428,1000,2016-11-14 00:00:00
akbonara,1227598,abnr20161114145,16074,5097,1000,2016-11-14 00:00:00
akbonara,1207472,abnr20161114147,6212,8206,500,2016-11-14 00:00:00
akbonara,1235365,abnr2016111415,3801,5131,1000,2016-11-14 00:00:00
akbonara,1231879,abnr20161114151,5560,7466,500,2016-11-14 00:00:00
akbonara,1234172,abnr20161114155,6450,8573,500,2016-11-14 00:00:00
akbonara,1235389,abnr20161114156,10008,8715,700,2016-11-14 00:00:00
akbonara,1230968,abnr20161114158,16839,5945,500,2016-11-14 00:00:00
akbonara,1231385,abnr2016111416,1727,2268,1000,2016-11-14 00:00:00
akbonara,1226463,abnr20161114161,1098,1403,1000,2016-11-14 00:00:00
akbonara,1226463,abnr20161114164,4592,6248,500,2016-11-14 00:00:00
akbonara,1226463,abnr20161114165,4620,6287,500,2016-11-14 00:00:00
akbonara,1113079,abnr20161114175,5343,7168,500,2016-11-14 00:00:00
akbonara,1016391,abnr20161114178,6283,8303,500,2016-11-14 00:00:00
akbonara,1220823,abnr201611142,4928,6719,1000,2016-11-14 00:00:00
akbonara,1186001,abnr2016111422,3799,5126,1000,2016-11-14 00:00:00
akbonara,1174323,abnr2016111423,6117,8062,500,2016-11-14 00:00:00
akbonara,1234869,abnr2016111427,362,440,1000,2016-11-14 00:00:00
akbonara,1234869,abnr2016111429,632,780,500,2016-11-14 00:00:00
akbonara,1208319,abnr201611143,2038,1591,1000,2016-11-14 00:00:00
akbonara,1193515,abnr2016111431,1388,1808,1000,2016-11-14 00:00:00
akbonara,1229361,abnr2016111432,6283,8303,500,2016-11-14 00:00:00
akbonara,1146370,abnr2016111435,7244,9394,1000,2016-11-14 00:00:00
akbonara,1220823,abnr201611144,4943,6745,1000,2016-11-14 00:00:00
akbonara,1234451,abnr2016111440,3493,4563,1000,2016-11-14 00:00:00
akbonara,1234451,abnr2016111441,7402,9552,1000,2016-11-14 00:00:00
akbonara,1182801,abnr2016111446,4556,6208,500,2016-11-14 00:00:00
akbonara,1205022,abnr201611145,6193,8185,500,2016-11-14 00:00:00
akbonara,1146370,abnr2016111459,1832,2406,500,2016-11-14 00:00:00
akbonara,1206880,abnr2016111461,5372,7210,500,2016-11-14 00:00:00
akbonara,1217035,abnr2016111466,1332,1723,1000,2016-11-14 00:00:00
akbonara,1217035,abnr2016111468,1346,1742,500,2016-11-14 00:00:00
akbonara,1217035,abnr2016111470,4487,6103,500,2016-11-14 00:00:00
akbonara,1215601,abnr2016111472,3599,4772,1000,2016-11-14 00:00:00
akbonara,1208113,abnr2016111473,8628,12295,3000,2016-11-14 00:00:00
akbonara,1224625,abnr2016111474,5503,7375,500,2016-11-14 00:00:00
akbonara,1234735,abnr2016111483,6757,8907,1000,2016-11-14 00:00:00
akbonara,1234542,abnr2016111484,4196,5634,500,2016-11-14 00:00:00
akbonara,1234735,abnr2016111485,3742,9487,1000,2016-11-14 00:00:00
akbonara,1234735,abnr2016111486,1874,3859,1000,2016-11-14 00:00:00
akbonara,1203222,abnr2016111498,6232,8235,500,2016-11-14 00:00:00
akbonara,1235483,abnr2016111499,4458,6050,500,2016-11-14 00:00:00
akbonara,1202817,abnr201611151,4095,5500,500,2016-11-15 00:00:00
akbonara,1234030,abnr2016111510,6279,8296,500,2016-11-15 00:00:00
akbonara,1225355,abnr20161115115,5503,7375,500,2016-11-15 00:00:00
akbonara,1233472,abnr20161115117,3998,5381,500,2016-11-15 00:00:00
akbonara,1235299,abnr20161115118,16013,8655,700,2016-11-15 00:00:00
akbonara,1232802,abnr20161115134,17004,3178,1000,2016-11-15 00:00:00
akbonara,1176094,abnr20161115137,2973,3815,1000,2016-11-15 00:00:00
akbonara,1230396,abnr20161115146,4105,5510,500,2016-11-15 00:00:00
akbonara,1113079,abnr20161115147,2875,3682,1000,2016-11-15 00:00:00
akbonara,1113079,abnr20161115148,4599,6259,500,2016-11-15 00:00:00
akbonara,1235418,abnr20161115149,6121,8068,900,2016-11-15 00:00:00
akbonara,1226435,abnr2016111515,4358,5872,500,2016-11-15 00:00:00
akbonara,1227607,abnr2016111516,7414,9564,1000,2016-11-15 00:00:00
akbonara,1171709,abnr20161115160,15946,6275,500,2016-11-15 00:00:00
akbonara,1235414,abnr20161115161,7268,9418,1000,2016-11-15 00:00:00
akbonara,1235589,abnr20161115162,16023,8652,700,2016-11-15 00:00:00
akbonara,1235595,abnr20161115164,7332,9482,1000,2016-11-15 00:00:00
akbonara,1235595,abnr20161115165,4504,6132,700,2016-11-15 00:00:00
akbonara,1235278,abnr20161115171,6263,8279,500,2016-11-15 00:00:00
akbonara,1235278,abnr20161115172,17004,3178,1000,2016-11-15 00:00:00
akbonara,1235607,abnr20161115175,3328,4303,1000,2016-11-15 00:00:00
akbonara,1235607,abnr20161115177,3445,4464,900,2016-11-15 00:00:00
akbonara,1235607,abnr20161115178,6129,8081,1000,2016-11-15 00:00:00
akbonara,1141146,abnr20161115179,1267,1627,1000,2016-11-15 00:00:00
akbonara,1234172,abnr201611152,3547,4669,1000,2016-11-15 00:00:00
akbonara,1208319,abnr201611153,2547,3268,1000,2016-11-15 00:00:00
akbonara,1227656,abnr2016111531,4199,5638,500,2016-11-15 00:00:00
akbonara,1233747,abnr2016111533,1613,2116,1000,2016-11-15 00:00:00
akbonara,1235542,abnr2016111534,5545,7436,500,2016-11-15 00:00:00
akbonara,1235542,abnr2016111536,4947,6752,500,2016-11-15 00:00:00
akbonara,1235542,abnr2016111537,3864,5222,500,2016-11-15 00:00:00
akbonara,1235542,abnr2016111538,4943,6744,500,2016-11-15 00:00:00
akbonara,1235519,abnr2016111539,7214,9364,1000,2016-11-15 00:00:00
akbonara,1226570,abnr201611154,6256,8266,500,2016-11-15 00:00:00
akbonara,1235544,abnr2016111548,15560,9367,1000,2016-11-15 00:00:00
akbonara,1198375,abnr2016111560,5646,7579,500,2016-11-15 00:00:00
akbonara,1198375,abnr2016111561,3779,5090,500,2016-11-15 00:00:00
akbonara,1183909,abnr2016111562,6284,8305,500,2016-11-15 00:00:00
akbonara,1235095,abnr2016111567,5712,7651,500,2016-11-15 00:00:00
akbonara,1235528,abnr201611157,7448,9598,1000,2016-11-15 00:00:00
akbonara,1198375,abnr2016111570,1157,1472,1000,2016-11-15 00:00:00
akbonara,1038021,abnr2016111571,710,895,500,2016-11-15 00:00:00
akbonara,1234716,abnr2016111583,6561,8711,700,2016-11-15 00:00:00
akbonara,1234716,abnr2016111584,6559,8709,700,2016-11-15 00:00:00
akbonara,1182801,abnr2016111589,2927,3753,500,2016-11-15 00:00:00
akbonara,1227862,abnr2016111592,6243,8247,500,2016-11-15 00:00:00
akbonara,1235565,abnr2016111593,4501,6125,1000,2016-11-15 00:00:00
akbonara,1227862,abnr2016111596,4505,6135,1000,2016-11-15 00:00:00
akbonara,1226177,abnr2016111599,1330,1721,1000,2016-11-15 00:00:00
akbonara,1210471,abnr2016111610,4104,5509,500,2016-11-16 00:00:00
akbonara,1211720,abnr20161116103,4943,6744,500,2016-11-16 00:00:00
akbonara,1147288,abnr20161116105,3753,5050,1000,2016-11-16 00:00:00
akbonara,1147288,abnr20161116106,4490,6107,500,2016-11-16 00:00:00
akbonara,1234262,abnr2016111611,4514,6148,500,2016-11-16 00:00:00
akbonara,1161740,abnr20161116117,4191,5629,500,2016-11-16 00:00:00
akbonara,1234262,abnr2016111612,1598,2099,1000,2016-11-16 00:00:00
akbonara,1235661,abnr20161116129,6129,8080,500,2016-11-16 00:00:00
akbonara,1225751,abnr20161116130,3788,9640,1000,2016-11-16 00:00:00
akbonara,1234054,abnr20161116132,7106,9256,900,2016-11-16 00:00:00
akbonara,1234054,abnr20161116135,6227,8229,500,2016-11-16 00:00:00
akbonara,1234054,abnr20161116136,13289,5136,1000,2016-11-16 00:00:00
akbonara,1234054,abnr20161116139,6243,8247,500,2016-11-16 00:00:00
akbonara,1234054,abnr20161116141,6193,8185,500,2016-11-16 00:00:00
akbonara,1235656,abnr20161116142,6469,8611,500,2016-11-16 00:00:00
akbonara,1113079,abnr20161116148,4542,6193,500,2016-11-16 00:00:00
akbonara,1113079,abnr20161116149,3075,3952,1000,2016-11-16 00:00:00
akbonara,1113079,abnr20161116150,420,503,500,2016-11-16 00:00:00
akbonara,1173183,abnr20161116165,508,620,500,2016-11-16 00:00:00
akbonara,1164769,abnr2016111622,564,695,1000,2016-11-16 00:00:00
akbonara,1181183,abnr2016111625,4501,6124,500,2016-11-16 00:00:00
akbonara,1181183,abnr2016111626,4490,6107,500,2016-11-16 00:00:00
akbonara,1181183,abnr2016111627,6202,8195,500,2016-11-16 00:00:00
akbonara,1181183,abnr2016111628,6203,8197,500,2016-11-16 00:00:00
akbonara,1181183,abnr2016111630,5864,7805,500,2016-11-16 00:00:00
akbonara,1234241,abnr2016111635,5616,7549,500,2016-11-16 00:00:00
akbonara,1003323,abnr2016111641,7333,9483,1000,2016-11-16 00:00:00
akbonara,1234875,abnr2016111642,4514,6149,1000,2016-11-16 00:00:00
akbonara,1235630,abnr2016111650,16007,8517,500,2016-11-16 00:00:00
akbonara,1235630,abnr2016111651,5773,7712,500,2016-11-16 00:00:00
akbonara,1058485,abnr2016111656,3779,5091,900,2016-11-16 00:00:00
akbonara,1058485,abnr2016111657,3802,5133,1000,2016-11-16 00:00:00
akbonara,1235565,abnr2016111660,6165,8147,1000,2016-11-16 00:00:00
akbonara,1197595,abnr2016111662,4133,5540,500,2016-11-16 00:00:00
akbonara,1235149,abnr2016111663,7239,9389,1000,2016-11-16 00:00:00
akbonara,1167867,abnr2016111664,6270,8286,500,2016-11-16 00:00:00
akbonara,1235646,abnr2016111673,775,981,500,2016-11-16 00:00:00
akbonara,1224725,abnr2016111674,273,335,500,2016-11-16 00:00:00
akbonara,1235646,abnr2016111675,3986,5368,500,2016-11-16 00:00:00
akbonara,1235646,abnr2016111677,3897,5263,500,2016-11-16 00:00:00
akbonara,1227656,abnr201611168,4501,6124,500,2016-11-16 00:00:00
akbonara,1235646,abnr2016111682,4170,5585,500,2016-11-16 00:00:00
akbonara,1187109,abnr2016111684,6285,8306,500,2016-11-16 00:00:00
akbonara,1203879,abnr2016111686,3061,3935,1000,2016-11-16 00:00:00
akbonara,1203879,abnr2016111687,3061,2275,1000,2016-11-16 00:00:00
akbonara,1235646,abnr2016111689,3866,5225,500,2016-11-16 00:00:00
akbonara,1176860,abnr201611169,1335,1726,1000,2016-11-16 00:00:00
akbonara,1235113,abnr2016111691,3450,4476,900,2016-11-16 00:00:00
akbonara,1235646,abnr2016111693,3455,4485,1000,2016-11-16 00:00:00
akbonara,1235646,abnr2016111694,4145,5558,500,2016-11-16 00:00:00
akbonara,1235646,abnr2016111695,4133,5540,500,2016-11-16 00:00:00
akbonara,1224696,abnr2016111696,5901,7844,500,2016-11-16 00:00:00
akbonara,1235646,abnr2016111697,3909,5277,500,2016-11-16 00:00:00
akbonara,1234478,abnr2016111710,4514,6149,1000,2016-11-17 00:00:00
akbonara,1235713,abnr20161117101,4259,5738,500,2016-11-17 00:00:00
akbonara,1215027,abnr20161117105,6273,8289,500,2016-11-17 00:00:00
akbonara,1215027,abnr20161117106,4506,6137,1000,2016-11-17 00:00:00
akbonara,1231858,abnr2016111711,79,92,1000,2016-11-17 00:00:00
akbonara,1227906,abnr20161117110,15650,9287,1000,2016-11-17 00:00:00
akbonara,1235220,abnr20161117122,3763,5065,1000,2016-11-17 00:00:00
akbonara,1235220,abnr20161117129,3339,4041,1000,2016-11-17 00:00:00
akbonara,1235220,abnr20161117130,2668,3412,1000,2016-11-17 00:00:00
akbonara,1235220,abnr20161117134,15487,218,1000,2016-11-17 00:00:00
akbonara,1235220,abnr20161117138,3715,4988,1000,2016-11-17 00:00:00
akbonara,1235646,abnr20161117139,777,983,1000,2016-11-17 00:00:00
akbonara,1233596,abnr20161117142,6997,9147,1000,2016-11-17 00:00:00
akbonara,1190489,abnr20161117144,6279,8296,500,2016-11-17 00:00:00
akbonara,1234809,abnr20161117145,5533,7415,500,2016-11-17 00:00:00
akbonara,1234809,abnr20161117146,616,760,1000,2016-11-17 00:00:00
akbonara,1144148,abnr20161117147,6188,8179,500,2016-11-17 00:00:00
akbonara,1144148,abnr20161117148,3789,5109,1000,2016-11-17 00:00:00
akbonara,1163624,abnr20161117149,196,241,1000,2016-11-17 00:00:00
akbonara,1235723,abnr20161117151,3619,4810,1000,2016-11-17 00:00:00
akbonara,1095543,abnr20161117152,8553,12220,3000,2016-11-17 00:00:00
akbonara,1185916,abnr20161117154,5457,7319,1000,2016-11-17 00:00:00
akbonara,1210471,abnr2016111717,4947,6753,1000,2016-11-17 00:00:00
akbonara,1148716,abnr20161117172,7332,9482,1000,2016-11-17 00:00:00
akbonara,1148716,abnr20161117173,6743,8893,700,2016-11-17 00:00:00
akbonara,1148716,abnr20161117174,4508,6141,1000,2016-11-17 00:00:00
akbonara,1148716,abnr20161117175,6429,8532,1000,2016-11-17 00:00:00
akbonara,1210471,abnr2016111718,4931,6722,500,2016-11-17 00:00:00
akbonara,1223153,abnr20161117182,1356,1754,1000,2016-11-17 00:00:00
akbonara,1185916,abnr20161117186,4514,6149,1000,2016-11-17 00:00:00
akbonara,1228562,abnr201611173,17542,4923,1000,2016-11-17 00:00:00
akbonara,1214000,abnr2016111736,4230,3415,1000,2016-11-17 00:00:00
akbonara,1081430,abnr2016111738,4837,6554,500,2016-11-17 00:00:00
akbonara,1204620,abnr2016111741,7078,9228,1000,2016-11-17 00:00:00
akbonara,1204620,abnr2016111742,3779,5090,500,2016-11-17 00:00:00
akbonara,1081430,abnr2016111743,2600,3334,1000,2016-11-17 00:00:00
akbonara,1222693,abnr2016111755,5635,7568,500,2016-11-17 00:00:00
akbonara,1155273,abnr2016111757,3802,5133,1000,2016-11-17 00:00:00
akbonara,1223406,abnr2016111758,3792,5114,1000,2016-11-17 00:00:00
akbonara,1235045,abnr2016111763,4223,5677,500,2016-11-17 00:00:00
akbonara,1212339,abnr2016111769,4153,5567,500,2016-11-17 00:00:00
akbonara,1210562,abnr2016111770,6189,8180,500,2016-11-17 00:00:00
akbonara,1211645,abnr2016111771,1228,1568,1000,2016-11-17 00:00:00
akbonara,1212339,abnr2016111775,4508,6140,500,2016-11-17 00:00:00
akbonara,1167867,abnr2016111776,8611,12278,3000,2016-11-17 00:00:00
akbonara,1139438,abnr2016111777,1877,2472,1000,2016-11-17 00:00:00
akbonara,1227014,abnr201611178,17190,3193,1000,2016-11-17 00:00:00
akbonara,1113079,abnr2016111782,441,531,1000,2016-11-17 00:00:00
akbonara,1235646,abnr2016111784,689,866,1000,2016-11-17 00:00:00
akbonara,1235646,abnr2016111789,316,382,1000,2016-11-17 00:00:00
akbonara,1234478,abnr201611179,4514,6148,500,2016-11-17 00:00:00
akbonara,1223504,abnr20161118124,3789,5109,1000,2016-11-18 00:00:00
akbonara,1175857,abnr20161118129,6561,8711,700,2016-11-18 00:00:00
akbonara,1151467,abnr20161118130,7665,11332,1500,2016-11-18 00:00:00
akbonara,1233964,abnr20161118132,174,209,1000,2016-11-18 00:00:00
akbonara,1233964,abnr20161118135,1567,2059,500,2016-11-18 00:00:00
akbonara,1223153,abnr20161118139,1013,1298,500,2016-11-18 00:00:00
akbonara,1198375,abnr2016111814,6243,8247,500,2016-11-18 00:00:00
akbonara,1234833,abnr20161118142,6886,9036,1000,2016-11-18 00:00:00
akbonara,1235096,abnr20161118143,16007,8517,500,2016-11-18 00:00:00
akbonara,1076375,abnr20161118146,3802,5133,1000,2016-11-18 00:00:00
akbonara,1152582,abnr2016111815,4805,2114,1000,2016-11-18 00:00:00
akbonara,1193998,abnr20161118154,1261,1614,1000,2016-11-18 00:00:00
akbonara,1177500,abnr20161118156,4497,6116,500,2016-11-18 00:00:00
akbonara,1177500,abnr20161118157,16913,5709,500,2016-11-18 00:00:00
akbonara,1215892,abnr20161118161,7332,9337,1000,2016-11-18 00:00:00
akbonara,1210331,abnr20161118164,6724,8874,700,2016-11-18 00:00:00
akbonara,1210331,abnr20161118166,6562,8712,700,2016-11-18 00:00:00
akbonara,1210331,abnr20161118170,7239,9389,1000,2016-11-18 00:00:00
akbonara,1210331,abnr20161118175,6685,8835,700,2016-11-18 00:00:00
akbonara,1123475,abnr20161118177,3779,5091,900,2016-11-18 00:00:00
akbonara,1233864,abnr2016111818,5032,6844,500,2016-11-18 00:00:00
akbonara,1235816,abnr20161118182,6950,9100,900,2016-11-18 00:00:00
akbonara,1203232,abnr20161118185,4501,6124,500,2016-11-18 00:00:00
akbonara,1167952,abnr20161118186,6752,8902,700,2016-11-18 00:00:00
akbonara,1167952,abnr20161118187,6256,8266,500,2016-11-18 00:00:00
akbonara,1167952,abnr20161118188,17000,4945,1000,2016-11-18 00:00:00
akbonara,1235822,abnr20161118189,6243,8247,500,2016-11-18 00:00:00
akbonara,1235756,abnr2016111819,8654,12321,3000,2016-11-18 00:00:00
akbonara,1235822,abnr20161118190,17086,7822,500,2016-11-18 00:00:00
akbonara,1226960,abnr2016111822,6660,8810,700,2016-11-18 00:00:00
akbonara,1216704,abnr2016111826,3599,4772,1000,2016-11-18 00:00:00
akbonara,1234262,abnr2016111829,4703,6393,500,2016-11-18 00:00:00
akbonara,1235764,abnr2016111834,6962,9112,1000,2016-11-18 00:00:00
akbonara,1230539,abnr2016111839,4941,6740,500,2016-11-18 00:00:00
akbonara,1184810,abnr201611184,5565,7478,1000,2016-11-18 00:00:00
akbonara,1230539,abnr2016111841,309,374,1000,2016-11-18 00:00:00
akbonara,1235752,abnr2016111849,5485,7354,500,2016-11-18 00:00:00
akbonara,1235752,abnr2016111850,6122,8069,500,2016-11-18 00:00:00
akbonara,1235752,abnr2016111851,5366,7198,500,2016-11-18 00:00:00
akbonara,1235752,abnr2016111852,4487,6103,500,2016-11-18 00:00:00
akbonara,1235771,abnr2016111854,4514,6148,500,2016-11-18 00:00:00
akbonara,1232189,abnr2016111857,6647,8797,700,2016-11-18 00:00:00
akbonara,1197059,abnr2016111858,6935,9085,1000,2016-11-18 00:00:00
akbonara,1227906,abnr2016111859,468,571,500,2016-11-18 00:00:00
akbonara,1185955,abnr2016111860,2768,3544,1000,2016-11-18 00:00:00
akbonara,1185955,abnr2016111861,2537,3254,1000,2016-11-18 00:00:00
akbonara,1195620,abnr2016111864,3187,4348,1000,2016-11-18 00:00:00
akbonara,1225634,abnr2016111866,2469,3163,1000,2016-11-18 00:00:00
akbonara,1225634,abnr2016111867,778,986,500,2016-11-18 00:00:00
akbonara,1225634,abnr2016111868,820,1049,500,2016-11-18 00:00:00
akbonara,1235752,abnr201611187,6288,8309,500,2016-11-18 00:00:00
akbonara,1225634,abnr2016111870,4848,6573,500,2016-11-18 00:00:00
akbonara,1206880,abnr2016111871,6980,9130,1000,2016-11-18 00:00:00
akbonara,1225585,abnr2016111874,1725,2266,1000,2016-11-18 00:00:00
akbonara,1235781,abnr2016111875,6084,8029,500,2016-11-18 00:00:00
akbonara,1224987,abnr2016111876,6201,8193,500,2016-11-18 00:00:00
akbonara,1235752,abnr201611188,4500,6122,500,2016-11-18 00:00:00
akbonara,1216088,abnr2016111881,6201,8193,500,2016-11-18 00:00:00
akbonara,1210544,abnr2016111884,3398,1517,1000,2016-11-18 00:00:00
akbonara,1202891,abnr2016111886,4174,5591,500,2016-11-18 00:00:00
akbonara,1235784,abnr2016111887,6232,8235,500,2016-11-18 00:00:00
akbonara,1235784,abnr2016111888,6202,8195,500,2016-11-18 00:00:00
akbonara,1213493,abnr2016111891,1732,2274,1000,2016-11-18 00:00:00
akbonara,1216088,abnr2016111894,22824,8307,500,2016-11-18 00:00:00
akbonara,1233473,abnr2016111898,6472,8616,500,2016-11-18 00:00:00
akbonara,1233473,abnr2016111899,6011,7955,500,2016-11-18 00:00:00
akbonara,1224376,abnr2016111910,5549,7445,1000,2016-11-19 00:00:00
akbonara,1225271,abnr20161119102,6129,8080,500,2016-11-19 00:00:00
akbonara,1092800,abnr20161119103,1913,2515,1000,2016-11-19 00:00:00
akbonara,1225271,abnr20161119104,6232,8235,500,2016-11-19 00:00:00
akbonara,1055042,abnr20161119107,6136,8092,500,2016-11-19 00:00:00
akbonara,1055042,abnr20161119108,7333,9483,1000,2016-11-19 00:00:00
akbonara,1234072,abnr20161119109,4504,6131,500,2016-11-19 00:00:00
akbonara,1217326,abnr2016111911,3089,3968,1000,2016-11-19 00:00:00
akbonara,1234072,abnr20161119110,4520,6157,500,2016-11-19 00:00:00
akbonara,1229092,abnr20161119114,3681,4924,1000,2016-11-19 00:00:00
akbonara,1208076,abnr20161119115,3764,5066,1000,2016-11-19 00:00:00
akbonara,1235829,abnr2016111912,8418,12085,2000,2016-11-19 00:00:00
akbonara,1208076,abnr20161119120,6279,8297,1000,2016-11-19 00:00:00
akbonara,1171709,abnr2016111913,4793,4180,1000,2016-11-19 00:00:00
akbonara,1235830,abnr2016111914,5457,7319,1000,2016-11-19 00:00:00
akbonara,1120143,abnr2016111919,1229,1569,1000,2016-11-19 00:00:00
akbonara,1125908,abnr2016111921,5565,7477,500,2016-11-19 00:00:00
akbonara,1125908,abnr2016111923,6923,9073,1000,2016-11-19 00:00:00
akbonara,1125908,abnr2016111924,10008,8715,700,2016-11-19 00:00:00
akbonara,1176094,abnr2016111928,3779,5090,500,2016-11-19 00:00:00
akbonara,1234644,abnr2016111929,7231,9381,1000,2016-11-19 00:00:00
akbonara,1232189,abnr201611193,6561,8711,700,2016-11-19 00:00:00
akbonara,1225051,abnr2016111930,3538,4651,1000,2016-11-19 00:00:00
akbonara,1235839,abnr2016111939,3471,4518,1000,2016-11-19 00:00:00
akbonara,1229599,abnr2016111942,6259,8272,1000,2016-11-19 00:00:00
akbonara,1222836,abnr2016111948,3872,5233,900,2016-11-19 00:00:00
akbonara,1215843,abnr2016111951,567,698,1000,2016-11-19 00:00:00
akbonara,1235842,abnr2016111954,6232,8235,500,2016-11-19 00:00:00
akbonara,1231610,abnr2016111956,6080,8025,500,2016-11-19 00:00:00
akbonara,1224376,abnr201611196,3608,4789,1000,2016-11-19 00:00:00
akbonara,1199286,abnr2016111962,6950,9100,900,2016-11-19 00:00:00
akbonara,1221463,abnr2016111963,7333,9483,1000,2016-11-19 00:00:00
akbonara,1228709,abnr2016111964,4935,6729,1000,2016-11-19 00:00:00
akbonara,1212748,abnr2016111965,3781,5094,1000,2016-11-19 00:00:00
akbonara,1235828,abnr201611198,188,229,500,2016-11-19 00:00:00
akbonara,1226463,abnr2016111990,731,924,500,2016-11-19 00:00:00
akbonara,1226463,abnr2016111991,834,1068,500,2016-11-19 00:00:00
akbonara,1211036,abnr2016111994,3764,5066,1000,2016-11-19 00:00:00
akbonara,1211036,abnr2016111995,6235,8239,500,2016-11-19 00:00:00
akbonara,1211036,abnr2016111996,6232,8235,500,2016-11-19 00:00:00
akbonara,1225585,abnr2016111997,4223,5677,500,2016-11-19 00:00:00
akbonara,1211036,abnr2016111998,6562,8712,700,2016-11-19 00:00:00
akbonara,1187690,abnr20161120100,6193,8185,500,2016-11-20 00:00:00
akbonara,1227920,abnr20161120107,6284,8305,500,2016-11-20 00:00:00
akbonara,1234844,abnr20161120108,5838,7779,500,2016-11-20 00:00:00
akbonara,1235741,abnr20161120110,15815,4611,1000,2016-11-20 00:00:00
akbonara,1234844,abnr20161120111,4179,5603,500,2016-11-20 00:00:00
akbonara,1234844,abnr20161120112,4178,5601,500,2016-11-20 00:00:00
akbonara,1218958,abnr2016112017,6729,8879,700,2016-11-20 00:00:00
akbonara,1218958,abnr2016112018,1799,2361,1000,2016-11-20 00:00:00
akbonara,1218958,abnr2016112019,3802,5133,1000,2016-11-20 00:00:00
akbonara,1235887,abnr2016112025,2770,3547,1000,2016-11-20 00:00:00
akbonara,1235887,abnr2016112027,2590,3322,1000,2016-11-20 00:00:00
akbonara,1235887,abnr2016112028,1893,2492,1000,2016-11-20 00:00:00
akbonara,1235887,abnr2016112031,4809,6518,500,2016-11-20 00:00:00
akbonara,1232680,abnr2016112040,5610,7537,500,2016-11-20 00:00:00
akbonara,1204994,abnr2016112042,3200,4365,1000,2016-11-20 00:00:00
akbonara,1231143,abnr2016112046,6243,8247,500,2016-11-20 00:00:00
akbonara,1228711,abnr2016112049,3057,3930,1000,2016-11-20 00:00:00
akbonara,1235896,abnr2016112051,1800,2363,5000,2016-11-20 00:00:00
akbonara,1210357,abnr2016112058,4137,5546,500,2016-11-20 00:00:00
akbonara,1225211,abnr2016112073,3340,4317,1000,2016-11-20 00:00:00
akbonara,1235916,abnr2016112082,6963,9113,1000,2016-11-20 00:00:00
akbonara,1231956,abnr2016112088,6407,8484,500,2016-11-20 00:00:00
akbonara,1230545,abnr2016112096,420,503,500,2016-11-20 00:00:00
akbonara,1230545,abnr2016112097,1249,1595,1000,2016-11-20 00:00:00
akbonara,1230545,abnr2016112098,2074,2694,1000,2016-11-20 00:00:00
akbonara,1235921,abnr2016112099,3783,5098,1000,2016-11-20 00:00:00
akbonara,1208871,abnr2016112110,5402,7254,500,2016-11-21 00:00:00
akbonara,1224696,abnr20161121100,22824,8307,500,2016-11-21 00:00:00
akbonara,1208871,abnr2016112111,6151,8119,500,2016-11-21 00:00:00
akbonara,1204989,abnr20161121110,7432,9582,1000,2016-11-21 00:00:00
akbonara,1204989,abnr20161121111,6245,8249,500,2016-11-21 00:00:00
akbonara,1218859,abnr20161121113,1136,1447,1000,2016-11-21 00:00:00
akbonara,1128131,abnr20161121115,1698,2234,1000,2016-11-21 00:00:00
akbonara,1216793,abnr2016112112,16023,8652,700,2016-11-21 00:00:00
akbonara,1224824,abnr20161121121,6279,8296,500,2016-11-21 00:00:00
akbonara,1233230,abnr20161121125,2582,3311,1000,2016-11-21 00:00:00
akbonara,1224560,abnr20161121126,4909,6675,500,2016-11-21 00:00:00
akbonara,1218454,abnr20161121131,3374,4364,1000,2016-11-21 00:00:00
akbonara,1201564,abnr20161121134,4497,6116,500,2016-11-21 00:00:00
akbonara,1165516,abnr20161121135,3592,4757,1000,2016-11-21 00:00:00
akbonara,1101649,abnr20161121136,4941,6741,1000,2016-11-21 00:00:00
akbonara,1101649,abnr20161121137,4937,6733,1000,2016-11-21 00:00:00
akbonara,1101649,abnr20161121138,4936,6731,1000,2016-11-21 00:00:00
akbonara,1101649,abnr20161121140,4935,6729,1000,2016-11-21 00:00:00
akbonara,1101649,abnr20161121141,7231,9381,1000,2016-11-21 00:00:00
akbonara,1181671,abnr2016112118,2084,2705,1000,2016-11-21 00:00:00
akbonara,1181671,abnr2016112119,1831,2405,1000,2016-11-21 00:00:00
akbonara,1181671,abnr2016112120,1340,1734,1000,2016-11-21 00:00:00
akbonara,1181671,abnr2016112121,5503,7376,1000,2016-11-21 00:00:00
akbonara,1216578,abnr2016112123,1450,1894,1000,2016-11-21 00:00:00
akbonara,1235951,abnr2016112126,2494,3202,700,2016-11-21 00:00:00
akbonara,1171290,abnr2016112131,3937,5310,500,2016-11-21 00:00:00
akbonara,1235491,abnr2016112133,1328,1718,1000,2016-11-21 00:00:00
akbonara,1219593,abnr2016112141,3794,5118,1000,2016-11-21 00:00:00
akbonara,1229998,abnr2016112143,6268,8284,500,2016-11-21 00:00:00
akbonara,1157825,abnr2016112145,7502,9652,1000,2016-11-21 00:00:00
akbonara,1233230,abnr2016112151,6232,8235,500,2016-11-21 00:00:00
akbonara,1233230,abnr2016112154,5509,7382,500,2016-11-21 00:00:00
akbonara,1227862,abnr2016112155,4497,6117,1000,2016-11-21 00:00:00
akbonara,1227862,abnr2016112156,6237,8241,500,2016-11-21 00:00:00
akbonara,1170104,abnr2016112157,2697,951,1000,2016-11-21 00:00:00
akbonara,1122512,abnr2016112162,6261,8275,500,2016-11-21 00:00:00
akbonara,1235816,abnr2016112163,3779,5091,900,2016-11-21 00:00:00
akbonara,1122512,abnr2016112164,7324,4769,500,2016-11-21 00:00:00
akbonara,1186392,abnr2016112165,4514,6148,500,2016-11-21 00:00:00
akbonara,1228764,abnr2016112168,4501,6124,500,2016-11-21 00:00:00
akbonara,1220244,abnr2016112170,4876,6619,500,2016-11-21 00:00:00
akbonara,1235960,abnr2016112171,6165,8146,500,2016-11-21 00:00:00
akbonara,1235960,abnr2016112172,4039,5433,500,2016-11-21 00:00:00
akbonara,1235960,abnr2016112174,4513,6147,500,2016-11-21 00:00:00
akbonara,1193998,abnr2016112175,3781,5094,1000,2016-11-21 00:00:00
akbonara,1051470,abnr2016112179,3716,4989,1000,2016-11-21 00:00:00
akbonara,1152582,abnr2016112183,7231,9381,1000,2016-11-21 00:00:00
akbonara,1186392,abnr2016112187,3997,5379,500,2016-11-21 00:00:00
akbonara,1235972,abnr2016112190,4135,5588,500,2016-11-21 00:00:00
akbonara,1010666,abnr2016112192,3790,5111,1000,2016-11-21 00:00:00
akbonara,1231220,abnr2016112210,3688,4939,1000,2016-11-22 00:00:00
akbonara,1234763,abnr20161122118,2582,3311,1000,2016-11-22 00:00:00
akbonara,1104828,abnr20161122119,6407,8484,500,2016-11-22 00:00:00
akbonara,1234172,abnr2016112212,6265,8281,500,2016-11-22 00:00:00
akbonara,1166530,abnr20161122129,4546,6197,500,2016-11-22 00:00:00
akbonara,1235365,abnr20161122132,6280,8298,500,2016-11-22 00:00:00
akbonara,1236004,abnr2016112214,6232,8236,1000,2016-11-22 00:00:00
akbonara,1215544,abnr20161122141,4840,6562,1000,2016-11-22 00:00:00
akbonara,1219079,abnr20161122145,2868,3674,1000,2016-11-22 00:00:00
akbonara,1214000,abnr20161122150,173,208,500,2016-11-22 00:00:00
akbonara,1150144,abnr20161122153,3685,4933,1000,2016-11-22 00:00:00
akbonara,1223590,abnr20161122156,3103,8941,1000,2016-11-22 00:00:00
akbonara,1223590,abnr20161122157,3781,5094,1000,2016-11-22 00:00:00
akbonara,1190584,abnr20161122158,1011,1294,500,2016-11-22 00:00:00
akbonara,1236067,abnr20161122159,4443,6021,1000,2016-11-22 00:00:00
akbonara,1235184,abnr20161122161,6071,8016,500,2016-11-22 00:00:00
akbonara,1235184,abnr20161122163,6122,8069,500,2016-11-22 00:00:00
akbonara,1235184,abnr20161122164,4503,6129,500,2016-11-22 00:00:00
akbonara,1228396,abnr20161122166,7724,11391,1500,2016-11-22 00:00:00
akbonara,1226090,abnr2016112218,4679,6360,500,2016-11-22 00:00:00
akbonara,1207719,abnr201611222,557,686,1000,2016-11-22 00:00:00
akbonara,1069981,abnr2016112229,3028,1545,1000,2016-11-22 00:00:00
akbonara,1176274,abnr201611223,1510,1976,1000,2016-11-22 00:00:00
akbonara,1226463,abnr2016112231,4631,6301,500,2016-11-22 00:00:00
akbonara,1225284,abnr2016112234,1065,1357,1000,2016-11-22 00:00:00
akbonara,1235184,abnr2016112250,1039,1326,500,2016-11-22 00:00:00
akbonara,1232329,abnr2016112251,3850,5199,500,2016-11-22 00:00:00
akbonara,1235993,abnr2016112254,7324,9474,1000,2016-11-22 00:00:00
akbonara,1235993,abnr2016112255,4501,6125,1000,2016-11-22 00:00:00
akbonara,1217402,abnr2016112261,6232,8235,500,2016-11-22 00:00:00
akbonara,1233436,abnr2016112264,2942,3774,1000,2016-11-22 00:00:00
akbonara,1233436,abnr2016112265,6457,8587,500,2016-11-22 00:00:00
akbonara,1167867,abnr2016112269,15560,9366,1000,2016-11-22 00:00:00
akbonara,1208532,abnr2016112272,4493,6110,500,2016-11-22 00:00:00
akbonara,1231220,abnr201611228,4898,6655,1000,2016-11-22 00:00:00
akbonara,1178670,abnr2016112280,5379,7223,500,2016-11-22 00:00:00
akbonara,1178670,abnr2016112281,5372,7210,500,2016-11-22 00:00:00
akbonara,1178670,abnr2016112282,4901,6660,500,2016-11-22 00:00:00
akbonara,1224593,abnr2016112286,6279,8296,500,2016-11-22 00:00:00
akbonara,1230396,abnr2016112289,6389,8450,500,2016-11-22 00:00:00
akbonara,1205822,abnr2016112295,2577,3305,1000,2016-11-22 00:00:00
akbonara,1228396,abnr201611231,7591,11258,1500,2016-11-23 00:00:00
akbonara,1236047,abnr20161123100,16018,3420,1000,2016-11-23 00:00:00
akbonara,1236047,abnr20161123101,6232,8235,500,2016-11-23 00:00:00
akbonara,1235153,abnr20161123102,4517,6152,1000,2016-11-23 00:00:00
akbonara,1235153,abnr20161123103,4504,6133,1000,2016-11-23 00:00:00
akbonara,1235153,abnr20161123104,3767,5070,1000,2016-11-23 00:00:00
akbonara,1235153,abnr20161123107,4493,6111,1000,2016-11-23 00:00:00
akbonara,1063319,abnr2016112311,4504,6131,500,2016-11-23 00:00:00
akbonara,1236118,abnr20161123131,7322,4598,1000,2016-11-23 00:00:00
akbonara,1236118,abnr20161123132,4475,6082,500,2016-11-23 00:00:00
akbonara,1236080,abnr20161123137,4135,5543,900,2016-11-23 00:00:00
akbonara,1158790,abnr20161123138,4511,6144,500,2016-11-23 00:00:00
akbonara,1232863,abnr20161123141,14127,8107,500,2016-11-23 00:00:00
akbonara,1225450,abnr20161123142,17004,3178,1000,2016-11-23 00:00:00
akbonara,1225450,abnr20161123143,6685,8835,700,2016-11-23 00:00:00
akbonara,1214962,abnr20161123144,2573,3300,1000,2016-11-23 00:00:00
akbonara,1236122,abnr20161123145,6652,8741,700,2016-11-23 00:00:00
akbonara,1232863,abnr20161123147,16023,8652,700,2016-11-23 00:00:00
akbonara,1232863,abnr20161123148,17000,4944,1000,2016-11-23 00:00:00
akbonara,1190510,abnr20161123149,4434,6002,500,2016-11-23 00:00:00
akbonara,1236082,abnr2016112315,1369,1775,1000,2016-11-23 00:00:00
akbonara,1232420,abnr20161123155,6149,8113,500,2016-11-23 00:00:00
akbonara,1236082,abnr2016112316,7105,9255,1000,2016-11-23 00:00:00
akbonara,1232420,abnr20161123162,3681,4924,1000,2016-11-23 00:00:00
akbonara,1236122,abnr20161123163,6592,8742,700,2016-11-23 00:00:00
akbonara,1191732,abnr20161123164,15887,330,1000,2016-11-23 00:00:00
akbonara,1221463,abnr20161123165,6300,8323,1000,2016-11-23 00:00:00
akbonara,1217410,abnr20161123166,6279,8296,500,2016-11-23 00:00:00
akbonara,1233761,abnr20161123167,2103,2734,1000,2016-11-23 00:00:00
akbonara,1178670,abnr20161123170,5379,7224,5000,2016-11-23 00:00:00
akbonara,1236131,abnr20161123171,6529,8679,700,2016-11-23 00:00:00
akbonara,1178670,abnr20161123172,3189,4353,5000,2016-11-23 00:00:00
akbonara,1233148,abnr2016112318,939,1203,1000,2016-11-23 00:00:00
akbonara,1199590,abnr20161123188,6235,8239,500,2016-11-23 00:00:00
akbonara,1233148,abnr2016112319,16370,1204,1000,2016-11-23 00:00:00
akbonara,1236132,abnr20161123190,3779,5091,900,2016-11-23 00:00:00
akbonara,1236132,abnr20161123194,7478,9628,1000,2016-11-23 00:00:00
akbonara,1210413,abnr20161123199,3763,5065,1000,2016-11-23 00:00:00
akbonara,1235184,abnr201611232,3807,5141,1000,2016-11-23 00:00:00
akbonara,1233148,abnr2016112320,176,211,1000,2016-11-23 00:00:00
akbonara,1236119,abnr20161123200,4521,6159,500,2016-11-23 00:00:00
akbonara,1232694,abnr20161123206,22837,5580,500,2016-11-23 00:00:00
akbonara,1236143,abnr20161123209,4501,6124,500,2016-11-23 00:00:00
akbonara,1233148,abnr2016112321,4917,6692,500,2016-11-23 00:00:00
akbonara,1233148,abnr2016112324,9511,3318,1000,2016-11-23 00:00:00
akbonara,1233148,abnr2016112325,4662,6338,500,2016-11-23 00:00:00
akbonara,1233148,abnr2016112326,339,410,1000,2016-11-23 00:00:00
akbonara,1233148,abnr2016112327,1340,1734,1000,2016-11-23 00:00:00
akbonara,1233148,abnr2016112328,1331,1722,1000,2016-11-23 00:00:00
akbonara,1233148,abnr2016112329,1342,1738,1000,2016-11-23 00:00:00
akbonara,1233148,abnr2016112330,1351,1748,1000,2016-11-23 00:00:00
akbonara,1233148,abnr2016112331,985,1260,1000,2016-11-23 00:00:00
akbonara,1233148,abnr2016112334,2843,3641,1000,2016-11-23 00:00:00
akbonara,1233148,abnr2016112335,991,1270,1000,2016-11-23 00:00:00
akbonara,1233148,abnr2016112336,1338,3714,1000,2016-11-23 00:00:00
akbonara,1233148,abnr2016112337,2076,2697,1000,2016-11-23 00:00:00
akbonara,1233148,abnr2016112338,1348,1745,1000,2016-11-23 00:00:00
akbonara,1233148,abnr2016112339,2919,3741,1000,2016-11-23 00:00:00
akbonara,1233148,abnr2016112340,2577,3305,1000,2016-11-23 00:00:00
akbonara,1233148,abnr2016112341,4955,6767,500,2016-11-23 00:00:00
akbonara,1233148,abnr2016112342,4663,6339,500,2016-11-23 00:00:00
akbonara,1233148,abnr2016112345,1417,1852,1000,2016-11-23 00:00:00
akbonara,1233148,abnr2016112346,834,1068,500,2016-11-23 00:00:00
akbonara,1218960,abnr2016112353,22824,8307,500,2016-11-23 00:00:00
akbonara,1218960,abnr2016112355,3024,3883,1000,2016-11-23 00:00:00
akbonara,1015571,abnr2016112356,6811,8961,1000,2016-11-23 00:00:00
akbonara,1221235,abnr2016112357,1832,2406,500,2016-11-23 00:00:00
akbonara,1221235,abnr2016112359,84,99,500,2016-11-23 00:00:00
akbonara,1232035,abnr2016112362,6299,8321,500,2016-11-23 00:00:00
akbonara,1229508,abnr2016112372,5645,7578,500,2016-11-23 00:00:00
akbonara,1153139,abnr2016112377,6619,8769,700,2016-11-23 00:00:00
akbonara,1208319,abnr2016112383,6439,8554,500,2016-11-23 00:00:00
akbonara,1232184,abnr2016112390,5598,7521,500,2016-11-23 00:00:00
akbonara,1236105,abnr2016112392,7162,9312,1000,2016-11-23 00:00:00
akbonara,1207569,abnr2016112410,3715,4988,1000,2016-11-24 00:00:00
akbonara,1236186,abnr20161124107,705,888,1000,2016-11-24 00:00:00
akbonara,1207569,abnr2016112411,181,219,500,2016-11-24 00:00:00
akbonara,1198168,abnr20161124112,3547,4670,1000,2016-11-24 00:00:00
akbonara,1235646,abnr20161124115,1571,2064,1000,2016-11-24 00:00:00
akbonara,1235646,abnr20161124116,4130,5536,500,2016-11-24 00:00:00
akbonara,1235646,abnr20161124117,3868,5228,500,2016-11-24 00:00:00
akbonara,1176465,abnr20161124118,845,1082,1000,2016-11-24 00:00:00
akbonara,1083444,abnr20161124119,6923,9073,1000,2016-11-24 00:00:00
akbonara,1207569,abnr2016112412,178,214,1000,2016-11-24 00:00:00
akbonara,1235646,abnr20161124120,3869,5229,500,2016-11-24 00:00:00
akbonara,1235646,abnr20161124121,4096,5501,500,2016-11-24 00:00:00
akbonara,1233266,abnr20161124123,3464,4505,1000,2016-11-24 00:00:00
akbonara,1207569,abnr2016112413,175,210,500,2016-11-24 00:00:00
akbonara,1198168,abnr20161124132,4947,6753,1000,2016-11-24 00:00:00
akbonara,1181388,abnr20161124133,788,1004,500,2016-11-24 00:00:00
akbonara,1207569,abnr2016112414,15487,218,1000,2016-11-24 00:00:00
akbonara,1209643,abnr20161124144,17258,9273,1000,2016-11-24 00:00:00
akbonara,1214000,abnr20161124147,3057,3930,1000,2016-11-24 00:00:00
akbonara,1207569,abnr2016112415,182,220,500,2016-11-24 00:00:00
akbonara,1236196,abnr20161124150,1470,1924,1000,2016-11-24 00:00:00
akbonara,1236196,abnr20161124151,6754,8904,700,2016-11-24 00:00:00
akbonara,1220090,abnr20161124159,5975,7918,500,2016-11-24 00:00:00
akbonara,1235196,abnr20161124164,1540,2020,1000,2016-11-24 00:00:00
akbonara,1226579,abnr20161124167,6385,8443,500,2016-11-24 00:00:00
akbonara,1235816,abnr20161124170,94,110,1000,2016-11-24 00:00:00
akbonara,1224627,abnr20161124173,4768,6470,500,2016-11-24 00:00:00
akbonara,1200782,abnr20161124174,6149,8113,500,2016-11-24 00:00:00
akbonara,1234307,abnr20161124189,7190,6138,500,2016-11-24 00:00:00
akbonara,1236151,abnr201611242,6261,8276,900,2016-11-24 00:00:00
akbonara,1228724,abnr2016112420,7364,9514,1000,2016-11-24 00:00:00
akbonara,1228724,abnr2016112425,1565,2056,1000,2016-11-24 00:00:00
akbonara,1236162,abnr2016112432,2622,3362,1000,2016-11-24 00:00:00
akbonara,1236158,abnr2016112433,7377,9527,1000,2016-11-24 00:00:00
akbonara,1225823,abnr2016112435,1065,1357,1000,2016-11-24 00:00:00
akbonara,1236166,abnr2016112438,6625,8775,700,2016-11-24 00:00:00
akbonara,1227906,abnr2016112441,4697,6383,500,2016-11-24 00:00:00
akbonara,1232759,abnr2016112443,6243,8247,500,2016-11-24 00:00:00
akbonara,1231225,abnr2016112450,6285,8306,500,2016-11-24 00:00:00
akbonara,1236174,abnr2016112461,196,241,1000,2016-11-24 00:00:00
akbonara,1236175,abnr2016112463,1261,1614,1000,2016-11-24 00:00:00
akbonara,1236175,abnr2016112464,17004,3178,1000,2016-11-24 00:00:00
akbonara,1182801,abnr2016112466,3249,4171,1000,2016-11-24 00:00:00
akbonara,1174286,abnr2016112467,3,4,500,2016-11-24 00:00:00
akbonara,1235975,abnr2016112470,6011,7955,500,2016-11-24 00:00:00
akbonara,1171382,abnr2016112471,4514,6148,500,2016-11-24 00:00:00
akbonara,1223842,abnr2016112472,4901,6660,500,2016-11-24 00:00:00
akbonara,1225823,abnr2016112473,1244,1589,1000,2016-11-24 00:00:00
akbonara,1198940,abnr2016112474,2235,2893,1000,2016-11-24 00:00:00
akbonara,1078294,abnr2016112483,4610,6271,500,2016-11-24 00:00:00
akbonara,1224560,abnr2016112485,3619,4809,1000,2016-11-24 00:00:00
akbonara,1224560,abnr2016112487,3789,5109,1000,2016-11-24 00:00:00
akbonara,1236118,abnr2016112489,6206,8200,500,2016-11-24 00:00:00
akbonara,1236118,abnr2016112490,5662,7595,500,2016-11-24 00:00:00
akbonara,1187736,abnr2016112495,15661,9096,1000,2016-11-24 00:00:00
akbonara,1059457,abnr2016112499,4899,6656,500,2016-11-24 00:00:00
akbonara,1195435,abnr20161125102,4508,6140,500,2016-11-25 00:00:00
akbonara,1236263,abnr20161125111,4487,6103,500,2016-11-25 00:00:00
akbonara,1198168,abnr20161125122,3744,5040,1000,2016-11-25 00:00:00
akbonara,1223653,abnr20161125124,6189,8180,500,2016-11-25 00:00:00
akbonara,1224950,abnr20161125125,4952,6762,500,2016-11-25 00:00:00
akbonara,1215519,abnr20161125126,6279,8296,500,2016-11-25 00:00:00
akbonara,1215519,abnr20161125127,4490,6107,500,2016-11-25 00:00:00
akbonara,1204989,abnr20161125129,6435,8545,500,2016-11-25 00:00:00
akbonara,1219962,abnr20161125139,6149,8114,700,2016-11-25 00:00:00
akbonara,1178670,abnr2016112514,4912,6684,5000,2016-11-25 00:00:00
akbonara,1236263,abnr20161125143,1259,1610,1000,2016-11-25 00:00:00
akbonara,1226149,abnr20161125145,6243,8247,500,2016-11-25 00:00:00
akbonara,1207472,abnr20161125146,136,157,500,2016-11-25 00:00:00
akbonara,1236222,abnr2016112516,6743,8893,700,2016-11-25 00:00:00
akbonara,1157192,abnr2016112519,7394,9544,1000,2016-11-25 00:00:00
akbonara,1013583,abnr2016112521,4911,6680,500,2016-11-25 00:00:00
akbonara,1151145,abnr2016112527,3858,5215,500,2016-11-25 00:00:00
akbonara,1151145,abnr2016112528,6261,8275,500,2016-11-25 00:00:00
akbonara,1106234,abnr2016112534,4875,6618,500,2016-11-25 00:00:00
akbonara,1223669,abnr2016112535,6562,8712,700,2016-11-25 00:00:00
akbonara,1102686,abnr2016112538,6295,8316,500,2016-11-25 00:00:00
akbonara,1102686,abnr2016112539,689,866,1000,2016-11-25 00:00:00
akbonara,1230982,abnr2016112549,4917,6692,500,2016-11-25 00:00:00
akbonara,1208061,abnr2016112554,1260,1611,1000,2016-11-25 00:00:00
akbonara,1236211,abnr201611256,7414,9564,1000,2016-11-25 00:00:00
akbonara,1159332,abnr2016112567,5537,7422,500,2016-11-25 00:00:00
akbonara,1185955,abnr2016112569,3785,5103,1000,2016-11-25 00:00:00
akbonara,1193548,abnr2016112577,2923,3747,1000,2016-11-25 00:00:00
akbonara,1193548,abnr2016112579,16564,459,1000,2016-11-25 00:00:00
akbonara,1162820,abnr2016112587,6300,8323,1000,2016-11-25 00:00:00
akbonara,1222392,abnr2016112589,6139,8096,700,2016-11-25 00:00:00
akbonara,1162820,abnr2016112590,5589,7510,500,2016-11-25 00:00:00
akbonara,1222392,abnr2016112591,7333,9483,1000,2016-11-25 00:00:00
akbonara,1235828,abnr2016112592,7231,9381,1000,2016-11-25 00:00:00
akbonara,1162820,abnr2016112593,1600,2101,1000,2016-11-25 00:00:00
akbonara,1162820,abnr2016112594,6250,8258,1000,2016-11-25 00:00:00
akbonara,1162820,abnr2016112595,7106,9256,900,2016-11-25 00:00:00
akbonara,1222392,abnr2016112597,3779,5091,900,2016-11-25 00:00:00
akbonara,1204366,abnr201611261,5565,7477,500,2016-11-26 00:00:00
akbonara,1236294,abnr2016112611,7136,9286,1000,2016-11-26 00:00:00
akbonara,1182110,abnr2016112613,3779,5091,900,2016-11-26 00:00:00
akbonara,1188005,abnr2016112614,9647,8863,700,2016-11-26 00:00:00
akbonara,1182110,abnr2016112616,3799,5126,1000,2016-11-26 00:00:00
akbonara,1182110,abnr2016112617,7333,9483,1000,2016-11-26 00:00:00
akbonara,1204366,abnr201611262,6256,8266,500,2016-11-26 00:00:00
akbonara,1182110,abnr2016112621,6232,8235,500,2016-11-26 00:00:00
akbonara,1229599,abnr2016112629,6760,8910,1000,2016-11-26 00:00:00
akbonara,1204366,abnr201611263,6042,7987,500,2016-11-26 00:00:00
akbonara,1186202,abnr2016112630,6292,8313,500,2016-11-26 00:00:00
akbonara,1220384,abnr2016112632,3339,4316,1000,2016-11-26 00:00:00
akbonara,1236305,abnr2016112633,1260,1612,1000,2016-11-26 00:00:00
akbonara,1231049,abnr2016112636,1893,3881,1000,2016-11-26 00:00:00
akbonara,1231049,abnr2016112639,4581,6234,500,2016-11-26 00:00:00
akbonara,1188509,abnr2016112650,5519,7396,500,2016-11-26 00:00:00
akbonara,1236307,abnr2016112651,1367,4407,500,2016-11-26 00:00:00
akbonara,1202583,abnr2016112653,2575,3302,1000,2016-11-26 00:00:00
akbonara,1236307,abnr2016112657,6407,8484,500,2016-11-26 00:00:00
akbonara,1236307,abnr2016112658,3599,4772,1000,2016-11-26 00:00:00
akbonara,1218183,abnr2016112660,5379,7223,500,2016-11-26 00:00:00
akbonara,1192267,abnr2016112662,4646,6318,500,2016-11-26 00:00:00
akbonara,1235816,abnr2016112664,4259,5739,900,2016-11-26 00:00:00
akbonara,1236320,abnr2016112668,1568,2061,1000,2016-11-26 00:00:00
akbonara,1234973,abnr201611267,6157,8131,500,2016-11-26 00:00:00
akbonara,1220316,abnr2016112673,3538,4651,1000,2016-11-26 00:00:00
akbonara,1236320,abnr2016112675,2459,1997,1000,2016-11-26 00:00:00
akbonara,1144829,abnr2016112676,6139,8095,500,2016-11-26 00:00:00
akbonara,1236307,abnr2016112677,1367,1770,500,2016-11-26 00:00:00
akbonara,1231909,abnr2016112679,15817,1131,1000,2016-11-26 00:00:00
akbonara,1171548,abnr201611268,6280,8298,500,2016-11-26 00:00:00
akbonara,1236331,abnr2016112685,185,226,900,2016-11-26 00:00:00
akbonara,1236331,abnr2016112686,4851,6580,1000,2016-11-26 00:00:00
akbonara,1229361,abnr201611271,6766,8916,1000,2016-11-27 00:00:00
akbonara,1229361,abnr20161127102,2949,3784,1000,2016-11-27 00:00:00
akbonara,1229772,abnr20161127105,6232,8235,500,2016-11-27 00:00:00
akbonara,1236186,abnr20161127109,3180,4078,1000,2016-11-27 00:00:00
akbonara,1204355,abnr2016112711,3606,4786,1000,2016-11-27 00:00:00
akbonara,1236186,abnr20161127110,613,756,1000,2016-11-27 00:00:00
akbonara,1236343,abnr2016112713,4501,6124,500,2016-11-27 00:00:00
akbonara,1027907,abnr2016112727,4519,6156,1000,2016-11-27 00:00:00
akbonara,1027907,abnr2016112730,4519,6155,500,2016-11-27 00:00:00
akbonara,1234778,abnr2016112733,5779,7719,500,2016-11-27 00:00:00
akbonara,1236186,abnr2016112743,2791,3572,1000,2016-11-27 00:00:00
akbonara,1222007,abnr2016112753,7448,9598,1000,2016-11-27 00:00:00
akbonara,1194469,abnr2016112754,6243,8247,500,2016-11-27 00:00:00
akbonara,1194469,abnr2016112755,6660,8810,700,2016-11-27 00:00:00
akbonara,1236359,abnr2016112758,6173,8161,500,2016-11-27 00:00:00
akbonara,1236359,abnr2016112759,6284,8305,500,2016-11-27 00:00:00
akbonara,1236359,abnr2016112760,5672,7606,500,2016-11-27 00:00:00
akbonara,1236359,abnr2016112761,5671,7604,500,2016-11-27 00:00:00
akbonara,1236359,abnr2016112762,5372,7210,500,2016-11-27 00:00:00
akbonara,1236359,abnr2016112763,6140,8098,500,2016-11-27 00:00:00
akbonara,1226801,abnr2016112764,6389,8450,500,2016-11-27 00:00:00
akbonara,1232135,abnr2016112766,4875,6618,500,2016-11-27 00:00:00
akbonara,1229016,abnr2016112767,4487,6103,500,2016-11-27 00:00:00
akbonara,1236369,abnr2016112772,5639,7572,500,2016-11-27 00:00:00
akbonara,1236369,abnr2016112773,6271,8287,500,2016-11-27 00:00:00
akbonara,1162046,abnr2016112781,4443,6020,500,2016-11-27 00:00:00
akbonara,1230545,abnr2016112788,4676,6355,500,2016-11-27 00:00:00
akbonara,1230545,abnr2016112789,4643,6315,500,2016-11-27 00:00:00
akbonara,1230545,abnr2016112790,4634,6305,500,2016-11-27 00:00:00
akbonara,1230545,abnr2016112791,1013,1298,500,2016-11-27 00:00:00
akbonara,1190510,abnr2016112793,5871,7813,500,2016-11-27 00:00:00
akbonara,1209247,abnr2016112794,6562,8712,700,2016-11-27 00:00:00
akbonara,1146370,abnr2016112810,4444,6023,1000,2016-11-28 00:00:00
akbonara,1191846,abnr20161128107,6660,8810,700,2016-11-28 00:00:00
akbonara,1146370,abnr2016112811,4493,6110,500,2016-11-28 00:00:00
akbonara,1233637,abnr20161128118,4851,6579,500,2016-11-28 00:00:00
akbonara,1233637,abnr20161128119,6139,8095,500,2016-11-28 00:00:00
akbonara,1227251,abnr2016112812,4793,6499,500,2016-11-28 00:00:00
akbonara,1228894,abnr20161128120,5865,7806,500,2016-11-28 00:00:00
akbonara,1159720,abnr20161128124,3763,5065,1000,2016-11-28 00:00:00
akbonara,1235493,abnr20161128125,8560,12227,3000,2016-11-28 00:00:00
akbonara,1083853,abnr20161128126,1767,2320,1000,2016-11-28 00:00:00
akbonara,1230292,abnr20161128139,16929,6432,500,2016-11-28 00:00:00
akbonara,1232431,abnr2016112818,6189,8180,500,2016-11-28 00:00:00
akbonara,1227862,abnr2016112821,1065,1357,1000,2016-11-28 00:00:00
